{
    "baloncesto" : {
      "Estados unidos" : {
        "7" : {
          "apuesta" : false,
          "apuestalocal" : "",
          "apuestavisitante" : "",
          "deporte" : "baloncesto",
          "equipolocal" : "Nets",
          "equipovisitante" : "76ers",
          "fecha" : "2018-02-26",
          "id" : 7,
          "pais" : "Estados Unidos",
          "scorelocal" : "116",
          "scorevisitante" : "108",
          "terminado" : true,
          "usuario" : ""
        },
        "8" : {
          "apuesta" : false,
          "apuestalocal" : "",
          "apuestavisitante" : "",
          "deporte" : "baloncesto",
          "equipolocal" : "Hawks",
          "equipovisitante" : "Hornets",
          "fecha" : "2018-02-26",
          "id" : 8,
          "pais" : "Estados Unidos",
          "scorelocal" : 110,
          "scorevisitante" : 123,
          "terminado" : true,
          "usuario" : ""
        },
        "9" : {
          "apuesta" : false,
          "apuestalocal" : "",
          "apuestavisitante" : "",
          "deporte" : "baloncesto",
          "equipolocal" : "Trail Blazers",
          "equipovisitante" : "Bulls",
          "fecha" : "2018-02-26",
          "id" : 9,
          "pais" : "Estados Unidos",
          "scorelocal" : "124",
          "scorevisitante" : "108",
          "terminado" : true,
          "usuario" : ""
        },
        "10" : {
          "apuesta" : false,
          "apuestalocal" : "",
          "apuestavisitante" : "",
          "deporte" : "baloncesto",
          "equipolocal" : "Cavaliers",
          "equipovisitante" : "Heats",
          "fecha" : "2018-02-26",
          "id" : 10,
          "pais" : "Estados Unidos",
          "scorelocal" : "91",
          "scorevisitante" : "89",
          "terminado" : true,
          "usuario" : ""
        },
        "11" : {
            "apuesta" : false,
            "apuestalocal" : "",
            "apuestavisitante" : "",
            "deporte" : "baloncesto",
            "equipolocal" : "Suns",
            "equipovisitante" : "Maverics",
            "fecha" : "2018-02-26",
            "id" : 11,
            "pais" : "Estados Unidos",
            "scorelocal" : "102",
            "scorevisitante" : "88",
            "terminado" : true,
            "usuario" : ""
          },
          "12" : {
            "apuesta" : false,
            "apuestalocal" : "",
            "apuestavisitante" : "",
            "deporte" : "baloncesto",
            "equipolocal" : "Pacers",
            "equipovisitante" : "Hornets",
            "fecha" : "2018-02-26",
            "id" : 12,
            "pais" : "Estados Unidos",
            "scorelocal" : "96",
            "scorevisitante" : "105",
            "terminado" : true,
            "usuario" : ""
          },
          "13" : {
            "apuesta" : true,
            "apuestalocal" : 102,
            "apuestavisitante" : 95,
            "deporte" : "baloncesto",
            "equipolocal" : "Bucks",
            "equipovisitante" : "76ers",
            "fecha" : "2018-02-26",
            "id" : 13,
            "pais" : "Estados Unidos",
            "scorelocal" : "104",
            "scorevisitante" : "95",
            "terminado" : true,
            "usuario" : ""
          },
          "14" : {
            "apuesta" : false,
            "apuestalocal" : "",
            "apuestavisitante" : "",
            "deporte" : "baloncesto",
            "equipolocal" : "Mavericks",
            "equipovisitante" : "Heat",
            "fecha" : "2018-02-26",
            "id" : 14,
            "pais" : "Estados Unidos",
            "scorelocal" : "95",
            "scorevisitante" : "88",
            "terminado" : true,
            "usuario" : ""
          },
          "15" : {
            "apuesta" : false,
            "apuestalocal" : "",
            "apuestavisitante" : "",
            "deporte" : "baloncesto",
            "equipolocal" : "Hawks",
            "equipovisitante" : "Timberwolves",
            "fecha" : "2018-02-26",
            "id" : 15,
            "pais" : "Estados Unidos",
            "scorelocal" : "105",
            "scorevisitante" : "100",
            "terminado" : true,
            "usuario" : ""
          },
          "16" : {
            "apuesta" : false,
            "apuestalocal" : "",
            "apuestavisitante" : "",
            "deporte" : "baloncesto",
            "equipolocal" : "Wizards",
            "equipovisitante" : "Thunder",
            "fecha" : "2018-02-26",
            "id" : 16,
            "pais" : "Estados Unidos",
            "scorelocal" : "102",
            "scorevisitante" : "196",
            "terminado" : true,
            "usuario" : ""
          },
          "17" : {
            "apuesta" : false,
            "apuestalocal" : "",
            "apuestavisitante" : "",
            "deporte" : "baloncesto",
            "equipolocal" : "Raptors",
            "equipovisitante" : "Timberwolves",
            "fecha" : "2018-02-26",
            "id" : 17,
            "pais" : "Estados Unidos",
            "scorelocal" : "109",
            "scorevisitante" : "104",
            "terminado" : true,
            "usuario" : ""
          },
          "18" : {
            "apuesta" : false,
            "apuestalocal" : "",
            "apuestavisitante" : "",
            "deporte" : "baloncesto",
            "equipolocal" : "Rockets",
            "equipovisitante" : "Nets",
            "fecha" : "2018-02-26",
            "id" : 18,
            "pais" : "Estados Unidos",
            "scorelocal" : "108",
            "scorevisitante" : "98",
            "terminado" : true,
            "usuario" : ""
          },
          "19" : {
            "apuesta" : false,
            "apuestalocal" : "",
            "apuestavisitante" : "",
            "deporte" : "baloncesto",
            "equipolocal" : "Raptors",
            "equipovisitante" : "Timberwolves",
            "fecha" : "2018-02-26",
            "id" : 19,
            "pais" : "Estados Unidos",
            "scorelocal" : "109",
            "scorevisitante" : "104",
            "terminado" : true,
            "usuario" : ""
          },
          "20" : {
              "apuesta" : false,
              "apuestalocal" : "",
              "apuestavisitante" : "",
              "deporte" : "baloncesto",
              "equipolocal" : "Rockets",
              "equipovisitante" : "Magic",
              "fecha" : "2018-02-26",
              "id" : 20,
              "pais" : "Estados Unidos",
              "scorelocal" : "114",
              "scorevisitante" : "107",
              "terminado" : true,
              "usuario" : ""
            },
            "21" : {
              "apuesta" : false,
              "apuestalocal" : "",
              "apuestavisitante" : "",
              "deporte" : "baloncesto",
              "equipolocal" : "Pistons",
              "equipovisitante" : "Cavaliers",
              "fecha" : "2018-02-26",
              "id" : 21,
              "pais" : "Estados Unidos",
              "scorelocal" : "125",
              "scorevisitante" : "114",
              "terminado" : true,
              "usuario" : ""
            },
            "22" : {
              "apuesta" : true,
              "apuestalocal" : 102,
              "apuestavisitante" : 95,
              "deporte" : "baloncesto",
              "equipolocal" : "Pelicans",
              "equipovisitante" : "Kings",
              "fecha" : "2018-02-26",
              "id" : 22,
              "pais" : "Estados Unidos",
              "scorelocal" : "103",
              "scorevisitante" : "114",
              "terminado" : true,
              "usuario" : ""
            },
            "23" : {
              "apuesta" : false,
              "apuestalocal" : "",
              "apuestavisitante" : "",
              "deporte" : "baloncesto",
              "equipolocal" : "Spurs",
              "equipovisitante" : "Nuggets",
              "fecha" : "2018-02-26",
              "id" : 23,
              "pais" : "Estados Unidos",
              "scorelocal" : "106",
              "scorevisitante" : "104",
              "terminado" : true,
              "usuario" : ""
            },
            "24" : {
              "apuesta" : false,
              "apuestalocal" : "",
              "apuestavisitante" : "",
              "deporte" : "baloncesto",
              "equipolocal" : "Jazz",
              "equipovisitante" : "Warriors",
              "fecha" : "2018-02-26",
              "id" : 25,
              "pais" : "Estados Unidos",
              "scorelocal" : "129",
              "scorevisitante" : "99",
              "terminado" : true,
              "usuario" : ""
            },
            "25" : {
                "apuesta" : false,
                "apuestalocal" : "",
                "apuestavisitante" : "",
                "deporte" : "baloncesto",
                "equipolocal" : "Piston",
                "equipovisitante" : "Grizzlies",
                "fecha" : "2018-02-26",
                "id" : 25,
                "pais" : "Estados Unidos",
                "scorelocal" : "",
                "scorevisitante" : "",
                "terminado" : false,
                "usuario" : ""
              },
              "26" : {
                "apuesta" : false,
                "apuestalocal" : "",
                "apuestavisitante" : "",
                "deporte" : "baloncesto",
                "equipolocal" : "Raptors",
                "equipovisitante" : "Trail Blazers",
                "fecha" : "2018-02-26",
                "id" : 26,
                "pais" : "Estados Unidos",
                "scorelocal" : "",
                "scorevisitante" : "",
                "terminado" : false,
                "usuario" : ""
              },
              "27" : {
                "apuesta" : false,
                "apuestalocal" : "",
                "apuestavisitante" : "",
                "deporte" : "baloncesto",
                "equipolocal" : "Celtics",
                "equipovisitante" : "Hawks",
                "fecha" : "2018-02-26",
                "id" : 27,
                "pais" : "Estados Unidos",
                "scorelocal" : "",
                "scorevisitante" : "",
                "terminado" : false,
                "usuario" : ""
              },
              "28" : {
                "apuesta" : false,
                "apuestalocal" : 80,
                "apuestavisitante" : 75,
                "deporte" : "baloncesto",
                "equipolocal" : "Nets",
                "equipovisitante" : "Lakers",
                "fecha" : "2018-02-26",
                "id" : 28,
                "pais" : "Estados Unidos",
                "scorelocal" : "",
                "scorevisitante" : "",
                "terminado" : false,
                "usuario" : ""
              },
              "29" : {
                "apuesta" : false,
                "apuestalocal" : "",
                "apuestavisitante" : "",
                "deporte" : "baloncesto",
                "equipolocal" : "76ers",
                "equipovisitante" : "Hawks",
                "fecha" : "2018-02-26",
                "id" : 29,
                "pais" : "Estados Unidos",
                "scorelocal" : "",
                "scorevisitante" : "",
                "terminado" : false,
                "usuario" : ""
              },
              "30" : {
                "apuesta" : false,
                "apuestalocal" : "",
                "apuestavisitante" : "",
                "deporte" : "baloncesto",
                "equipolocal" : "Suns",
                "equipovisitante" : "Jazz",
                "fecha" : "2018-02-26",
                "id" : 30,
                "pais" : "Estados Unidos",
                "scorelocal" : "",
                "scorevisitante" : "",
                "terminado" : false,
                "usuario" : ""
              },
              "31" : {
                  "apuesta" : false,
                  "apuestalocal" : "",
                  "apuestavisitante" : "",
                  "deporte" : "baloncesto",
                  "equipolocal" : "Thunder",
                  "equipovisitante" : "Pelicans",
                  "fecha" : "2018-02-26",
                  "id" : 31,
                  "pais" : "Estados Unidos",
                  "scorelocal" : "",
                  "scorevisitante" : "",
                  "terminado" : false,
                  "usuario" : ""
                },
                "32" : {
                  "apuesta" : false,
                  "apuestalocal" : "",
                  "apuestavisitante" : "",
                  "deporte" : "baloncesto",
                  "equipolocal" : "Kings",
                  "equipovisitante" : "Warriors",
                  "fecha" : "2018-02-26",
                  "id" : 32,
                  "pais" : "Estados Unidos",
                  "scorelocal" : "",
                  "scorevisitante" : "",
                  "terminado" : false,
                  "usuario" : ""
                },
                "33" : {
                  "apuesta" : false,
                  "apuestalocal" : "",
                  "apuestavisitante" : "",
                  "deporte" : "baloncesto",
                  "equipolocal" : "Pelicans",
                  "equipovisitante" : "Kings",
                  "fecha" : "2018-02-26",
                  "id" : 33,
                  "pais" : "Estados Unidos",
                  "scorelocal" : "",
                  "scorevisitante" : "",
                  "terminado" : false,
                  "usuario" : ""
                },
                "34" : {
                  "apuesta" : false,
                  "apuestalocal" : "",
                  "apuestavisitante" : "",
                  "deporte" : "baloncesto",
                  "equipolocal" : "Pacers",
                  "equipovisitante" : "Hornets",
                  "fecha" : "2018-02-26",
                  "id" : 34,
                  "pais" : "Estados Unidos",
                  "scorelocal" : "",
                  "scorevisitante" : "",
                  "terminado" : false,
                  "usuario" : ""
                },
                "35" : {
                  "apuesta" : false,
                  "apuestalocal" : "",
                  "apuestavisitante" : "",
                  "deporte" : "baloncesto",
                  "equipolocal" : "Hawks",
                  "equipovisitante" : "Timberwolves",
                  "fecha" : "2018-02-26",
                  "id" : 35,
                  "pais" : "Estados Unidos",
                  "scorelocal" : "",
                  "scorevisitante" : "",
                  "terminado" : false,
                  "usuario" : ""
                },
        "liga" : {
          "descripcion" : "Estados Unidos",
          "imagen" : "US"
        }
      }
    },
    "futbol" : {
      "España" : {
        "0" : {
          "apuesta" : false,
          "apuestalocal" : "",
          "apuestavisitante" : "",
          "deporte" : "futbol",
          "equipolocal" : "Real Madrid",
          "equipovisitante" : "Barcelona",
          "fecha" : "2018-02-26",
          "id" : 0,
          "pais" : "España",
          "scorelocal" : 1,
          "scorevisitante" : 1,
          "terminado" : true,
          "usuario" : ""
        },
        "1" : {
          "apuesta" : false,
          "apuestalocal" : "",
          "apuestavisitante" : "",
          "deporte" : "futbol",
          "equipolocal" : "Valencia",
          "equipovisitante" : "Málaga",
          "fecha" : "2018-02-26",
          "id" : 1,
          "pais" : "España",
          "scorelocal" : "",
          "scorevisitante" : "",
          "terminado" : false,
          "usuario" : ""
        },
        "2" : {
          "apuesta" : false,
          "apuestalocal" : "",
          "apuestavisitante" : "",
          "deporte" : "futbol",
          "equipolocal" : "Barcelona",
          "equipovisitante" : "Valencia",
          "fecha" : "2018-02-26",
          "id" : 2,
          "pais" : "España",
          "scorelocal" : "",
          "scorevisitante" : "",
          "terminado" : false,
          "usuario" : ""
        },
        "3" : {
          "apuesta" : false,
          "apuestalocal" : "",
          "apuestavisitante" : "",
          "deporte" : "futbol",
          "equipolocal" : "Real Madrid",
          "equipovisitante" : "Valencia",
          "fecha" : "2018-02-26",
          "id" : 3,
          "pais" : "España",
          "scorelocal" : "",
          "scorevisitante" : "",
          "terminado" : false,
          "usuario" : ""
        },
        "37" : {
            "apuesta" : false,
            "apuestalocal" : "",
            "apuestavisitante" : "",
            "deporte" : "futbol",
            "equipolocal" : "Betis",
            "equipovisitante" : "Leganés",
            "fecha" : "2018-02-26",
            "id" : 37,
            "pais" : "España",
            "scorelocal" : "3",
            "scorevisitante" : "2",
            "terminado" : true,
            "usuario" : ""
          },
          "38" : {
            "apuesta" : false,
            "apuestalocal" : "",
            "apuestavisitante" : "",
            "deporte" : "futbol",
            "equipolocal" : "Getafe",
            "equipovisitante" : "Ath. Bilbao",
            "fecha" : "2018-02-26",
            "id" : 38,
            "pais" : "España",
            "scorelocal" : "2",
            "scorevisitante" : "2",
            "terminado" : true,
            "usuario" : ""
          },
          "39" : {
            "apuesta" : false,
            "apuestalocal" : "",
            "apuestavisitante" : "",
            "deporte" : "futbol",
            "equipolocal" : "RCD Espanyol",
            "equipovisitante" : "Sevilla",
            "fecha" : "2018-02-26",
            "id" : 39,
            "pais" : "España",
            "scorelocal" : "0",
            "scorevisitante" : "3",
            "terminado" : true,
            "usuario" : ""
          },
          "40" : {
            "apuesta" : false,
            "apuestalocal" : "",
            "apuestavisitante" : "",
            "deporte" : "futbol",
            "equipolocal" : "Atlético Madrid",
            "equipovisitante" : "Girona",
            "fecha" : "2018-02-26",
            "id" : 40,
            "pais" : "España",
            "scorelocal" : "1",
            "scorevisitante" : "1",
            "terminado" : true,
            "usuario" : ""
          },
          "41" : {
            "apuesta" : false,
            "apuestalocal" : "",
            "apuestavisitante" : "",
            "deporte" : "futbol",
            "equipolocal" : "U.D. Las Palmas",
            "equipovisitante" : "Valencia F.C.",
            "fecha" : "2018-02-26",
            "id" : 41,
            "pais" : "España",
            "scorelocal" : "2",
            "scorevisitante" : "1",
            "terminado" : true,
            "usuario" : ""
          },
          "42" : {
            "apuesta" : false,
            "apuestalocal" : "",
            "apuestavisitante" : "",
            "deporte" : "futbol",
            "equipolocal" : "Alavés",
            "equipovisitante" : "Leganés",
            "fecha" : "2018-02-26",
            "id" : 36,
            "pais" : "España",
            "scorelocal" : "2",
            "scorevisitante" : "1",
            "terminado" : true,
            "usuario" : ""
          },
        "liga" : {
          "descripcion" : "España",
          "imagen" : "ES"
        }
      },
      "Inglaterra" : {
        "4" : {
          "apuesta" : false,
          "apuestalocal" : "",
          "apuestavisitante" : "",
          "deporte" : "futbol",
          "equipolocal" : "Arsenal",
          "equipovisitante" : "Liverpool",
          "fecha" : "2018-02-26",
          "id" : 4,
          "pais" : "Inglaterra",
          "scorelocal" : "0",
          "scorevisitante" : "1",
          "terminado" : true,
          "usuario" : ""
        },
        "5" : {
          "apuesta" : false,
          "apuestalocal" : "",
          "apuestavisitante" : "",
          "deporte" : "futbol",
          "equipolocal" : "Chelsea",
          "equipovisitante" : "Manchester United",
          "fecha" : "2018-02-26",
          "id" : 5,
          "pais" : "Inglaterra",
          "scorelocal" : "",
          "scorevisitante" : "",
          "terminado" : false,
          "usuario" : ""
        },
        "42" : {
            "apuesta" : false,
            "apuestalocal" : "",
            "apuestavisitante" : "",
            "deporte" : "futbol",
            "equipolocal" : "Alavés",
            "equipovisitante" : "Leganés",
            "fecha" : "2018-02-26",
            "id" : 36,
            "pais" : "España",
            "scorelocal" : "2",
            "scorevisitante" : "1",
            "terminado" : true,
            "usuario" : ""
          },
        "43" : {
            "apuesta" : false,
            "apuestalocal" : "",
            "apuestavisitante" : "",
            "deporte" : "futbol",
            "equipolocal" : "Chelsea",
            "equipovisitante" : "Brighton",
            "fecha" : "2018-02-26",
            "id" : 43,
            "pais" : "España",
            "scorelocal" : "4",
            "scorevisitante" : "0",
            "terminado" : true,
            "usuario" : ""
          },
          "44" : {
            "apuesta" : false,
            "apuestalocal" : "",
            "apuestavisitante" : "",
            "deporte" : "futbol",
            "equipolocal" : "Everton",
            "equipovisitante" : "Albion",
            "fecha" : "2018-02-26",
            "id" : 44,
            "pais" : "España",
            "scorelocal" : "1",
            "scorevisitante" : "1",
            "terminado" : true,
            "usuario" : ""
          },
          "45" : {
            "apuesta" : false,
            "apuestalocal" : "",
            "apuestavisitante" : "",
            "deporte" : "futbol",
            "equipolocal" : "Arsenal",
            "equipovisitante" : "Cristal Place",
            "fecha" : "2018-02-26",
            "id" : 45,
            "pais" : "España",
            "scorelocal" : "4",
            "scorevisitante" : "1",
            "terminado" : true,
            "usuario" : ""
          },
          "46" : {
            "apuesta" : false,
            "apuestalocal" : "",
            "apuestavisitante" : "",
            "deporte" : "futbol",
            "equipolocal" : "West Ham",
            "equipovisitante" : "Bournemouth",
            "fecha" : "2018-02-26",
            "id" : 46,
            "pais" : "España",
            "scorelocal" : "1",
            "scorevisitante" : "1",
            "terminado" : true,
            "usuario" : ""
          },
          "47" : {
            "apuesta" : false,
            "apuestalocal" : "",
            "apuestavisitante" : "",
            "deporte" : "futbol",
            "equipolocal" : "Burnley",
            "equipovisitante" : "Manchester United",
            "fecha" : "2018-02-26",
            "id" : 47,
            "pais" : "España",
            "scorelocal" : "0",
            "scorevisitante" : "1",
            "terminado" : true,
            "usuario" : ""
          },
          "48" : {
            "apuesta" : false,
            "apuestalocal" : "",
            "apuestavisitante" : "",
            "deporte" : "futbol",
            "equipolocal" : "Manchester City F.C.",
            "equipovisitante" : "New Castle",
            "fecha" : "2018-02-26",
            "id" : 48,
            "pais" : "España",
            "scorelocal" : "2",
            "scorevisitante" : "1",
            "terminado" : true,
            "usuario" : ""
          },
          "49" : {
            "apuesta" : false,
            "apuestalocal" : "",
            "apuestavisitante" : "",
            "deporte" : "futbol",
            "equipolocal" : "Swansea",
            "equipovisitante" : "Liverpool",
            "fecha" : "2018-02-26",
            "id" : 49,
            "pais" : "España",
            "scorelocal" : "0",
            "scorevisitante" : "1",
            "terminado" : true,
            "usuario" : ""
          },
        "liga" : {
          "descripcion" : "Inglaterra",
          "imagen" : "GB"
        }
      }
    }
  }
  